{"cameraMode":{"drawMode":0,"name":"Shaded","section":"Shading Mode"},"sceneLighting":false,"audioPlay":false,"sceneViewState":{"showFog":true,"showMaterialUpdate":false,"showSkybox":false,"showFlares":true,"showImageEffects":true,"showParticleSystems":true},"in2DMode":false,"pivot":{"x":4.035999774932861,"y":9.319999694824219,"z":-12.869999885559082},"rotation":{"x":-0.032938167452812198,"y":0.05546996742486954,"z":-0.0019697723910212518,"w":-0.9979773759841919},"size":18.3537654876709,"orthographic":true}